mode,query_id,status,best_round,acc_raw,macro_F1,positive_F1,lambda_hat,defer_count,total,defer_pct,acc_final,risk_accept_wrong,err_accept,teacher_train_calls,teacher_defer_calls,summary_path,round1_summary_path,round0_summary_path
per_query_independent,select100,complete,1,0.8823529411764706,0.46875,0.0,1.01,17,17,100.0,1.0,0.0,0.0,4,13,experiments/runs/lrobench_cross_query/per_query_independent/select100/cgsd_summary.json,experiments/runs/lrobench_cross_query/per_query_independent/select100/round_1/round_summary.json,experiments/runs/lrobench_cross_query/per_query_independent/select100/round_0/round_summary.json
per_query_independent,select101,complete,1,0.375,0.2727272727272727,0.0,1.01,8,8,100.0,1.0,0.0,0.0,2,6,experiments/runs/lrobench_cross_query/per_query_independent/select101/cgsd_summary.json,experiments/runs/lrobench_cross_query/per_query_independent/select101/round_1/round_summary.json,experiments/runs/lrobench_cross_query/per_query_independent/select101/round_0/round_summary.json
per_query_independent,select102,complete,1,0.8478260869565217,0.4588235294117647,0.0,1.01,46,46,100.0,1.0,0.0,0.0,10,36,experiments/runs/lrobench_cross_query/per_query_independent/select102/cgsd_summary.json,experiments/runs/lrobench_cross_query/per_query_independent/select102/round_1/round_summary.json,experiments/runs/lrobench_cross_query/per_query_independent/select102/round_0/round_summary.json
per_query_independent,select103,complete,1,0.8518518518518519,0.46,0.0,1.01,27,27,100.0,1.0,0.0,0.0,7,20,experiments/runs/lrobench_cross_query/per_query_independent/select103/cgsd_summary.json,experiments/runs/lrobench_cross_query/per_query_independent/select103/round_1/round_summary.json,experiments/runs/lrobench_cross_query/per_query_independent/select103/round_0/round_summary.json
per_query_independent,select104,complete,1,0.625,0.38461538461538464,0.7692307692307693,1.01,8,8,100.0,1.0,0.0,0.0,2,6,experiments/runs/lrobench_cross_query/per_query_independent/select104/cgsd_summary.json,experiments/runs/lrobench_cross_query/per_query_independent/select104/round_1/round_summary.json,experiments/runs/lrobench_cross_query/per_query_independent/select104/round_0/round_summary.json
per_query_independent,select105,complete,1,0.9310344827586207,0.48214285714285715,0.0,0.62,56,58,96.55172413793103,1.0,0.0,0.0,10,46,experiments/runs/lrobench_cross_query/per_query_independent/select105/cgsd_summary.json,experiments/runs/lrobench_cross_query/per_query_independent/select105/round_1/round_summary.json,experiments/runs/lrobench_cross_query/per_query_independent/select105/round_0/round_summary.json
per_query_independent,select106,complete,1,0.4,0.28571428571428575,0.0,1.01,10,10,100.0,1.0,0.0,0.0,3,7,experiments/runs/lrobench_cross_query/per_query_independent/select106/cgsd_summary.json,experiments/runs/lrobench_cross_query/per_query_independent/select106/round_1/round_summary.json,experiments/runs/lrobench_cross_query/per_query_independent/select106/round_0/round_summary.json
per_query_independent,select107,complete,1,0.9591836734693877,0.4895833333333333,0.0,1.01,49,49,100.0,1.0,0.0,0.0,10,39,experiments/runs/lrobench_cross_query/per_query_independent/select107/cgsd_summary.json,experiments/runs/lrobench_cross_query/per_query_independent/select107/round_1/round_summary.json,experiments/runs/lrobench_cross_query/per_query_independent/select107/round_0/round_summary.json
per_query_independent,select108,complete,1,0.8823529411764706,0.46875,0.0,1.01,17,17,100.0,1.0,0.0,0.0,4,13,experiments/runs/lrobench_cross_query/per_query_independent/select108/cgsd_summary.json,experiments/runs/lrobench_cross_query/per_query_independent/select108/round_1/round_summary.json,experiments/runs/lrobench_cross_query/per_query_independent/select108/round_0/round_summary.json
per_query_independent,select109,complete,1,0.25,0.2,0.0,1.01,8,8,100.0,1.0,0.0,0.0,2,6,experiments/runs/lrobench_cross_query/per_query_independent/select109/cgsd_summary.json,experiments/runs/lrobench_cross_query/per_query_independent/select109/round_1/round_summary.json,experiments/runs/lrobench_cross_query/per_query_independent/select109/round_0/round_summary.json
per_query_independent,select110,complete,1,0.8611111111111112,0.4626865671641791,0.0,1.01,36,36,100.0,1.0,0.0,0.0,9,27,experiments/runs/lrobench_cross_query/per_query_independent/select110/cgsd_summary.json,experiments/runs/lrobench_cross_query/per_query_independent/select110/round_1/round_summary.json,experiments/runs/lrobench_cross_query/per_query_independent/select110/round_0/round_summary.json
per_query_independent,select111,complete,1,0.7777777777777778,0.43750000000000006,0.0,1.01,18,18,100.0,1.0,0.0,0.0,4,14,experiments/runs/lrobench_cross_query/per_query_independent/select111/cgsd_summary.json,experiments/runs/lrobench_cross_query/per_query_independent/select111/round_1/round_summary.json,experiments/runs/lrobench_cross_query/per_query_independent/select111/round_0/round_summary.json
per_query_independent,select112,complete,1,0.9166666666666666,0.4782608695652174,0.0,1.01,24,24,100.0,1.0,0.0,0.0,6,18,experiments/runs/lrobench_cross_query/per_query_independent/select112/cgsd_summary.json,experiments/runs/lrobench_cross_query/per_query_independent/select112/round_1/round_summary.json,experiments/runs/lrobench_cross_query/per_query_independent/select112/round_0/round_summary.json
per_query_independent,select113,complete,1,0.82,0.45054945054945056,0.0,1.01,50,50,100.0,1.0,0.0,0.0,10,40,experiments/runs/lrobench_cross_query/per_query_independent/select113/cgsd_summary.json,experiments/runs/lrobench_cross_query/per_query_independent/select113/round_1/round_summary.json,experiments/runs/lrobench_cross_query/per_query_independent/select113/round_0/round_summary.json
per_query_independent,select114,complete,1,0.5,0.3333333333333333,0.6666666666666666,1.01,10,10,100.0,1.0,0.0,0.0,2,8,experiments/runs/lrobench_cross_query/per_query_independent/select114/cgsd_summary.json,experiments/runs/lrobench_cross_query/per_query_independent/select114/round_1/round_summary.json,experiments/runs/lrobench_cross_query/per_query_independent/select114/round_0/round_summary.json
per_query_independent,select115,complete,1,0.6785714285714286,0.4042553191489362,0.0,1.01,28,28,100.0,1.0,0.0,0.0,7,21,experiments/runs/lrobench_cross_query/per_query_independent/select115/cgsd_summary.json,experiments/runs/lrobench_cross_query/per_query_independent/select115/round_1/round_summary.json,experiments/runs/lrobench_cross_query/per_query_independent/select115/round_0/round_summary.json
per_query_independent,select116,complete,1,0.8823529411764706,0.46875,0.0,1.01,34,34,100.0,1.0,0.0,0.0,9,25,experiments/runs/lrobench_cross_query/per_query_independent/select116/cgsd_summary.json,experiments/runs/lrobench_cross_query/per_query_independent/select116/round_1/round_summary.json,experiments/runs/lrobench_cross_query/per_query_independent/select116/round_0/round_summary.json
per_query_independent,select117,complete,1,0.9375,0.4838709677419355,0.0,0.59,53,80,66.25,0.9875,0.0125,0.037037037037037035,10,44,experiments/runs/lrobench_cross_query/per_query_independent/select117/cgsd_summary.json,experiments/runs/lrobench_cross_query/per_query_independent/select117/round_1/round_summary.json,experiments/runs/lrobench_cross_query/per_query_independent/select117/round_0/round_summary.json
per_query_independent,select118,complete,1,0.8888888888888888,0.47058823529411764,0.0,1.01,27,27,100.0,1.0,0.0,0.0,7,20,experiments/runs/lrobench_cross_query/per_query_independent/select118/cgsd_summary.json,experiments/runs/lrobench_cross_query/per_query_independent/select118/round_1/round_summary.json,experiments/runs/lrobench_cross_query/per_query_independent/select118/round_0/round_summary.json
per_query_independent,select119,complete,1,0.95,0.48717948717948717,0.0,1.01,40,40,100.0,1.0,0.0,0.0,10,30,experiments/runs/lrobench_cross_query/per_query_independent/select119/cgsd_summary.json,experiments/runs/lrobench_cross_query/per_query_independent/select119/round_1/round_summary.json,experiments/runs/lrobench_cross_query/per_query_independent/select119/round_0/round_summary.json
per_query_independent,select120,complete,1,0.775,0.525691699604743,0.8695652173913043,1.01,40,40,100.0,1.0,0.0,0.0,10,30,experiments/runs/lrobench_cross_query/per_query_independent/select120/cgsd_summary.json,experiments/runs/lrobench_cross_query/per_query_independent/select120/round_1/round_summary.json,experiments/runs/lrobench_cross_query/per_query_independent/select120/round_0/round_summary.json
per_query_independent,select121,complete,1,0.9,0.4736842105263158,0.0,1.01,20,20,100.0,1.0,0.0,0.0,5,15,experiments/runs/lrobench_cross_query/per_query_independent/select121/cgsd_summary.json,experiments/runs/lrobench_cross_query/per_query_independent/select121/round_1/round_summary.json,experiments/runs/lrobench_cross_query/per_query_independent/select121/round_0/round_summary.json
per_query_independent,select122,complete,1,0.85,0.45945945945945943,0.0,1.01,40,40,100.0,1.0,0.0,0.0,10,30,experiments/runs/lrobench_cross_query/per_query_independent/select122/cgsd_summary.json,experiments/runs/lrobench_cross_query/per_query_independent/select122/round_1/round_summary.json,experiments/runs/lrobench_cross_query/per_query_independent/select122/round_0/round_summary.json
per_query_independent,select123,complete,1,0.8181818181818182,0.45,0.0,1.01,22,22,100.0,1.0,0.0,0.0,5,17,experiments/runs/lrobench_cross_query/per_query_independent/select123/cgsd_summary.json,experiments/runs/lrobench_cross_query/per_query_independent/select123/round_1/round_summary.json,experiments/runs/lrobench_cross_query/per_query_independent/select123/round_0/round_summary.json
per_query_independent,select124,complete,1,0.8181818181818182,0.45,0.0,1.01,22,22,100.0,1.0,0.0,0.0,5,17,experiments/runs/lrobench_cross_query/per_query_independent/select124/cgsd_summary.json,experiments/runs/lrobench_cross_query/per_query_independent/select124/round_1/round_summary.json,experiments/runs/lrobench_cross_query/per_query_independent/select124/round_0/round_summary.json
per_query_independent,select125,complete,1,0.85,0.45945945945945943,0.0,1.01,40,40,100.0,1.0,0.0,0.0,10,30,experiments/runs/lrobench_cross_query/per_query_independent/select125/cgsd_summary.json,experiments/runs/lrobench_cross_query/per_query_independent/select125/round_1/round_summary.json,experiments/runs/lrobench_cross_query/per_query_independent/select125/round_0/round_summary.json
per_query_independent,select126,complete,1,0.65,0.393939393939394,0.0,1.01,40,40,100.0,1.0,0.0,0.0,10,30,experiments/runs/lrobench_cross_query/per_query_independent/select126/cgsd_summary.json,experiments/runs/lrobench_cross_query/per_query_independent/select126/round_1/round_summary.json,experiments/runs/lrobench_cross_query/per_query_independent/select126/round_0/round_summary.json
per_query_independent,select127,complete,1,0.7368421052631579,0.4242424242424242,0.0,1.01,19,19,100.0,1.0,0.0,0.0,5,14,experiments/runs/lrobench_cross_query/per_query_independent/select127/cgsd_summary.json,experiments/runs/lrobench_cross_query/per_query_independent/select127/round_1/round_summary.json,experiments/runs/lrobench_cross_query/per_query_independent/select127/round_0/round_summary.json
per_query_independent,select128,complete,1,0.5909090909090909,0.37142857142857144,0.0,1.01,44,44,100.0,1.0,0.0,0.0,10,34,experiments/runs/lrobench_cross_query/per_query_independent/select128/cgsd_summary.json,experiments/runs/lrobench_cross_query/per_query_independent/select128/round_1/round_summary.json,experiments/runs/lrobench_cross_query/per_query_independent/select128/round_0/round_summary.json
per_query_independent,select129,complete,1,0.6888888888888889,0.40789473684210525,0.0,1.01,45,45,100.0,1.0,0.0,0.0,10,35,experiments/runs/lrobench_cross_query/per_query_independent/select129/cgsd_summary.json,experiments/runs/lrobench_cross_query/per_query_independent/select129/round_1/round_summary.json,experiments/runs/lrobench_cross_query/per_query_independent/select129/round_0/round_summary.json
cross_query_transfer,select115,complete,1,0.6785714285714286,0.4042553191489362,0.0,1.01,28,28,100.0,1.0,0.0,0.0,7,21,experiments/runs/lrobench_cross_query/cross_query_transfer/select115/cgsd_summary.json,experiments/runs/lrobench_cross_query/cross_query_transfer/select115/round_1/round_summary.json,experiments/runs/lrobench_cross_query/cross_query_transfer/select115/round_0/round_summary.json
cross_query_transfer,select116,complete,1,0.8823529411764706,0.46875,0.0,1.01,34,34,100.0,1.0,0.0,0.0,9,25,experiments/runs/lrobench_cross_query/cross_query_transfer/select116/cgsd_summary.json,experiments/runs/lrobench_cross_query/cross_query_transfer/select116/round_1/round_summary.json,experiments/runs/lrobench_cross_query/cross_query_transfer/select116/round_0/round_summary.json
cross_query_transfer,select117,complete,1,0.9375,0.4838709677419355,0.0,0.55,56,80,70.0,0.9875,0.0125,0.041666666666666664,10,47,experiments/runs/lrobench_cross_query/cross_query_transfer/select117/cgsd_summary.json,experiments/runs/lrobench_cross_query/cross_query_transfer/select117/round_1/round_summary.json,experiments/runs/lrobench_cross_query/cross_query_transfer/select117/round_0/round_summary.json
cross_query_transfer,select118,complete,1,0.8888888888888888,0.47058823529411764,0.0,1.01,27,27,100.0,1.0,0.0,0.0,7,20,experiments/runs/lrobench_cross_query/cross_query_transfer/select118/cgsd_summary.json,experiments/runs/lrobench_cross_query/cross_query_transfer/select118/round_1/round_summary.json,experiments/runs/lrobench_cross_query/cross_query_transfer/select118/round_0/round_summary.json
cross_query_transfer,select119,complete,1,0.95,0.48717948717948717,0.0,1.01,40,40,100.0,1.0,0.0,0.0,10,30,experiments/runs/lrobench_cross_query/cross_query_transfer/select119/cgsd_summary.json,experiments/runs/lrobench_cross_query/cross_query_transfer/select119/round_1/round_summary.json,experiments/runs/lrobench_cross_query/cross_query_transfer/select119/round_0/round_summary.json
cross_query_transfer,select120,complete,1,0.05,0.047619047619047616,0.0,1.01,40,40,100.0,1.0,0.0,0.0,10,30,experiments/runs/lrobench_cross_query/cross_query_transfer/select120/cgsd_summary.json,experiments/runs/lrobench_cross_query/cross_query_transfer/select120/round_1/round_summary.json,experiments/runs/lrobench_cross_query/cross_query_transfer/select120/round_0/round_summary.json
cross_query_transfer,select121,complete,1,0.9,0.4736842105263158,0.0,1.01,20,20,100.0,1.0,0.0,0.0,5,15,experiments/runs/lrobench_cross_query/cross_query_transfer/select121/cgsd_summary.json,experiments/runs/lrobench_cross_query/cross_query_transfer/select121/round_1/round_summary.json,experiments/runs/lrobench_cross_query/cross_query_transfer/select121/round_0/round_summary.json
cross_query_transfer,select122,complete,1,0.85,0.45945945945945943,0.0,1.01,40,40,100.0,1.0,0.0,0.0,10,30,experiments/runs/lrobench_cross_query/cross_query_transfer/select122/cgsd_summary.json,experiments/runs/lrobench_cross_query/cross_query_transfer/select122/round_1/round_summary.json,experiments/runs/lrobench_cross_query/cross_query_transfer/select122/round_0/round_summary.json
cross_query_transfer,select123,complete,1,0.8181818181818182,0.45,0.0,1.01,22,22,100.0,1.0,0.0,0.0,5,17,experiments/runs/lrobench_cross_query/cross_query_transfer/select123/cgsd_summary.json,experiments/runs/lrobench_cross_query/cross_query_transfer/select123/round_1/round_summary.json,experiments/runs/lrobench_cross_query/cross_query_transfer/select123/round_0/round_summary.json
cross_query_transfer,select124,complete,1,0.8181818181818182,0.45,0.0,1.01,22,22,100.0,1.0,0.0,0.0,5,17,experiments/runs/lrobench_cross_query/cross_query_transfer/select124/cgsd_summary.json,experiments/runs/lrobench_cross_query/cross_query_transfer/select124/round_1/round_summary.json,experiments/runs/lrobench_cross_query/cross_query_transfer/select124/round_0/round_summary.json
cross_query_transfer,select125,complete,1,0.85,0.45945945945945943,0.0,1.01,40,40,100.0,1.0,0.0,0.0,10,30,experiments/runs/lrobench_cross_query/cross_query_transfer/select125/cgsd_summary.json,experiments/runs/lrobench_cross_query/cross_query_transfer/select125/round_1/round_summary.json,experiments/runs/lrobench_cross_query/cross_query_transfer/select125/round_0/round_summary.json
cross_query_transfer,select126,complete,1,0.65,0.393939393939394,0.0,1.01,40,40,100.0,1.0,0.0,0.0,10,30,experiments/runs/lrobench_cross_query/cross_query_transfer/select126/cgsd_summary.json,experiments/runs/lrobench_cross_query/cross_query_transfer/select126/round_1/round_summary.json,experiments/runs/lrobench_cross_query/cross_query_transfer/select126/round_0/round_summary.json
cross_query_transfer,select127,complete,1,0.7368421052631579,0.4242424242424242,0.0,1.01,19,19,100.0,1.0,0.0,0.0,5,14,experiments/runs/lrobench_cross_query/cross_query_transfer/select127/cgsd_summary.json,experiments/runs/lrobench_cross_query/cross_query_transfer/select127/round_1/round_summary.json,experiments/runs/lrobench_cross_query/cross_query_transfer/select127/round_0/round_summary.json
cross_query_transfer,select128,complete,1,0.5909090909090909,0.37142857142857144,0.0,1.01,44,44,100.0,1.0,0.0,0.0,10,34,experiments/runs/lrobench_cross_query/cross_query_transfer/select128/cgsd_summary.json,experiments/runs/lrobench_cross_query/cross_query_transfer/select128/round_1/round_summary.json,experiments/runs/lrobench_cross_query/cross_query_transfer/select128/round_0/round_summary.json
cross_query_transfer,select129,complete,1,0.6888888888888889,0.40789473684210525,0.0,1.01,45,45,100.0,1.0,0.0,0.0,10,35,experiments/runs/lrobench_cross_query/cross_query_transfer/select129/cgsd_summary.json,experiments/runs/lrobench_cross_query/cross_query_transfer/select129/round_1/round_summary.json,experiments/runs/lrobench_cross_query/cross_query_transfer/select129/round_0/round_summary.json
